customer_id,churned,churn_reason
CUST_00001,1,competitor_price
CUST_00002,0,
CUST_00003,1,poor_service
CUST_00004,0,
CUST_00005,1,technical_issues
CUST_00006,0,
CUST_00007,0,
CUST_00008,0,
CUST_00009,0,
CUST_00010,0,
CUST_00011,0,
CUST_00012,0,
CUST_00013,0,
CUST_00014,0,
CUST_00015,0,
CUST_00016,0,
CUST_00017,0,
CUST_00018,0,
CUST_00019,0,
CUST_00020,0,
CUST_00021,0,
CUST_00022,0,
CUST_00023,0,
CUST_00024,0,
CUST_00025,0,
CUST_00026,0,
CUST_00027,1,poor_service
CUST_00028,1,technical_issues
CUST_00029,0,
CUST_00030,0,
CUST_00031,0,
CUST_00032,1,poor_service
CUST_00033,0,
CUST_00034,0,
CUST_00035,0,
CUST_00036,1,competitor_price
CUST_00037,0,
CUST_00038,0,
CUST_00039,0,
CUST_00040,0,
CUST_00041,0,
CUST_00042,0,
CUST_00043,1,competitor_price
CUST_00044,0,
CUST_00045,0,
CUST_00046,0,
CUST_00047,0,
CUST_00048,1,competitor_price
CUST_00049,0,
CUST_00050,1,competitor_price
CUST_00051,1,poor_service
CUST_00052,0,
CUST_00053,0,
CUST_00054,0,
CUST_00055,0,
CUST_00056,0,
CUST_00057,0,
CUST_00058,0,
CUST_00059,0,
CUST_00060,0,
CUST_00061,0,
CUST_00062,0,
CUST_00063,0,
CUST_00064,0,
CUST_00065,0,
CUST_00066,0,
CUST_00067,0,
CUST_00068,0,
CUST_00069,0,
CUST_00070,0,
CUST_00071,0,
CUST_00072,1,price_increase
CUST_00073,0,
CUST_00074,0,
CUST_00075,0,
CUST_00076,1,relocation
CUST_00077,0,
CUST_00078,0,
CUST_00079,0,
CUST_00080,0,
CUST_00081,0,
CUST_00082,0,
CUST_00083,0,
CUST_00084,0,
CUST_00085,0,
CUST_00086,0,
CUST_00087,0,
CUST_00088,0,
CUST_00089,0,
CUST_00090,0,
CUST_00091,0,
CUST_00092,0,
CUST_00093,0,
CUST_00094,0,
CUST_00095,0,
CUST_00096,0,
CUST_00097,0,
CUST_00098,1,competitor_price
CUST_00099,0,
CUST_00100,0,
CUST_00101,0,
CUST_00102,0,
CUST_00103,0,
CUST_00104,0,
CUST_00105,0,
CUST_00106,1,competitor_price
CUST_00107,0,
CUST_00108,0,
CUST_00109,0,
CUST_00110,0,
CUST_00111,1,competitor_price
CUST_00112,0,
CUST_00113,0,
CUST_00114,0,
CUST_00115,0,
CUST_00116,0,
CUST_00117,1,competitor_price
CUST_00118,0,
CUST_00119,0,
CUST_00120,0,
CUST_00121,0,
CUST_00122,0,
CUST_00123,0,
CUST_00124,0,
CUST_00125,1,poor_service
CUST_00126,1,poor_service
CUST_00127,0,
CUST_00128,0,
CUST_00129,0,
CUST_00130,0,
CUST_00131,0,
CUST_00132,1,competitor_price
CUST_00133,0,
CUST_00134,0,
CUST_00135,0,
CUST_00136,0,
CUST_00137,0,
CUST_00138,0,
CUST_00139,0,
CUST_00140,0,
CUST_00141,0,
CUST_00142,1,competitor_price
CUST_00143,0,
CUST_00144,0,
CUST_00145,0,
CUST_00146,0,
CUST_00147,0,
CUST_00148,1,competitor_price
CUST_00149,0,
CUST_00150,0,
CUST_00151,0,
CUST_00152,0,
CUST_00153,0,
CUST_00154,0,
CUST_00155,0,
CUST_00156,0,
CUST_00157,0,
CUST_00158,0,
CUST_00159,0,
CUST_00160,0,
CUST_00161,0,
CUST_00162,0,
CUST_00163,0,
CUST_00164,0,
CUST_00165,0,
CUST_00166,0,
CUST_00167,0,
CUST_00168,1,competitor_price
CUST_00169,0,
CUST_00170,0,
CUST_00171,0,
CUST_00172,0,
CUST_00173,0,
CUST_00174,1,technical_issues
CUST_00175,0,
CUST_00176,0,
CUST_00177,0,
CUST_00178,0,
CUST_00179,0,
CUST_00180,0,
CUST_00181,0,
CUST_00182,0,
CUST_00183,0,
CUST_00184,0,
CUST_00185,1,competitor_price
CUST_00186,0,
CUST_00187,0,
CUST_00188,1,poor_service
CUST_00189,0,
CUST_00190,0,
CUST_00191,0,
CUST_00192,0,
CUST_00193,0,
CUST_00194,0,
CUST_00195,0,
CUST_00196,0,
CUST_00197,0,
CUST_00198,0,
CUST_00199,0,
CUST_00200,0,
CUST_00201,0,
CUST_00202,0,
CUST_00203,0,
CUST_00204,0,
CUST_00205,0,
CUST_00206,0,
CUST_00207,1,technical_issues
CUST_00208,0,
CUST_00209,0,
CUST_00210,0,
CUST_00211,0,
CUST_00212,0,
CUST_00213,0,
CUST_00214,0,
CUST_00215,1,price_increase
CUST_00216,0,
CUST_00217,0,
CUST_00218,0,
CUST_00219,0,
CUST_00220,0,
CUST_00221,0,
CUST_00222,0,
CUST_00223,0,
CUST_00224,0,
CUST_00225,0,
CUST_00226,0,
CUST_00227,0,
CUST_00228,0,
CUST_00229,0,
CUST_00230,0,
CUST_00231,0,
CUST_00232,0,
CUST_00233,0,
CUST_00234,0,
CUST_00235,0,
CUST_00236,0,
CUST_00237,0,
CUST_00238,0,
CUST_00239,0,
CUST_00240,0,
CUST_00241,0,
CUST_00242,0,
CUST_00243,0,
CUST_00244,0,
CUST_00245,1,price_increase
CUST_00246,0,
CUST_00247,1,technical_issues
CUST_00248,1,competitor_price
CUST_00249,0,
CUST_00250,0,
CUST_00251,0,
CUST_00252,1,technical_issues
CUST_00253,0,
CUST_00254,0,
CUST_00255,1,relocation
CUST_00256,0,
CUST_00257,0,
CUST_00258,0,
CUST_00259,0,
CUST_00260,0,
CUST_00261,0,
CUST_00262,0,
CUST_00263,1,competitor_price
CUST_00264,1,poor_service
CUST_00265,1,price_increase
CUST_00266,1,poor_service
CUST_00267,0,
CUST_00268,0,
CUST_00269,1,competitor_price
CUST_00270,0,
CUST_00271,0,
CUST_00272,0,
CUST_00273,0,
CUST_00274,0,
CUST_00275,0,
CUST_00276,0,
CUST_00277,0,
CUST_00278,0,
CUST_00279,0,
CUST_00280,0,
CUST_00281,0,
CUST_00282,0,
CUST_00283,0,
CUST_00284,0,
CUST_00285,0,
CUST_00286,0,
CUST_00287,0,
CUST_00288,0,
CUST_00289,0,
CUST_00290,0,
CUST_00291,0,
CUST_00292,0,
CUST_00293,0,
CUST_00294,1,competitor_price
CUST_00295,0,
CUST_00296,1,poor_service
CUST_00297,1,competitor_price
CUST_00298,0,
CUST_00299,0,
CUST_00300,0,
CUST_00301,1,technical_issues
CUST_00302,0,
CUST_00303,0,
CUST_00304,0,
CUST_00305,0,
CUST_00306,0,
CUST_00307,0,
CUST_00308,0,
CUST_00309,0,
CUST_00310,0,
CUST_00311,0,
CUST_00312,0,
CUST_00313,0,
CUST_00314,0,
CUST_00315,0,
CUST_00316,1,technical_issues
CUST_00317,1,competitor_price
CUST_00318,0,
CUST_00319,1,price_increase
CUST_00320,0,
CUST_00321,0,
CUST_00322,0,
CUST_00323,0,
CUST_00324,0,
CUST_00325,0,
CUST_00326,0,
CUST_00327,0,
CUST_00328,0,
CUST_00329,0,
CUST_00330,0,
CUST_00331,0,
CUST_00332,0,
CUST_00333,0,
CUST_00334,0,
CUST_00335,0,
CUST_00336,0,
CUST_00337,0,
CUST_00338,0,
CUST_00339,0,
CUST_00340,0,
CUST_00341,0,
CUST_00342,0,
CUST_00343,0,
CUST_00344,0,
CUST_00345,0,
CUST_00346,0,
CUST_00347,0,
CUST_00348,0,
CUST_00349,0,
CUST_00350,0,
CUST_00351,1,poor_service
CUST_00352,1,competitor_price
CUST_00353,1,relocation
CUST_00354,0,
CUST_00355,0,
CUST_00356,1,relocation
CUST_00357,0,
CUST_00358,1,technical_issues
CUST_00359,0,
CUST_00360,0,
CUST_00361,1,price_increase
CUST_00362,0,
CUST_00363,0,
CUST_00364,0,
CUST_00365,1,technical_issues
CUST_00366,0,
CUST_00367,0,
CUST_00368,0,
CUST_00369,0,
CUST_00370,0,
CUST_00371,0,
CUST_00372,0,
CUST_00373,0,
CUST_00374,0,
CUST_00375,0,
CUST_00376,0,
CUST_00377,0,
CUST_00378,0,
CUST_00379,0,
CUST_00380,0,
CUST_00381,0,
CUST_00382,0,
CUST_00383,0,
CUST_00384,0,
CUST_00385,0,
CUST_00386,1,price_increase
CUST_00387,0,
CUST_00388,0,
CUST_00389,0,
CUST_00390,1,poor_service
CUST_00391,0,
CUST_00392,0,
CUST_00393,0,
CUST_00394,0,
CUST_00395,0,
CUST_00396,0,
CUST_00397,1,technical_issues
CUST_00398,0,
CUST_00399,0,
CUST_00400,0,
CUST_00401,0,
CUST_00402,1,unknown
CUST_00403,0,
CUST_00404,0,
CUST_00405,0,
CUST_00406,1,technical_issues
CUST_00407,0,
CUST_00408,0,
CUST_00409,0,
CUST_00410,0,
CUST_00411,0,
CUST_00412,0,
CUST_00413,0,
CUST_00414,1,competitor_price
CUST_00415,0,
CUST_00416,0,
CUST_00417,0,
CUST_00418,1,poor_service
CUST_00419,0,
CUST_00420,0,
CUST_00421,0,
CUST_00422,0,
CUST_00423,0,
CUST_00424,0,
CUST_00425,0,
CUST_00426,0,
CUST_00427,1,technical_issues
CUST_00428,0,
CUST_00429,0,
CUST_00430,1,competitor_price
CUST_00431,0,
CUST_00432,0,
CUST_00433,0,
CUST_00434,0,
CUST_00435,0,
CUST_00436,0,
CUST_00437,0,
CUST_00438,1,unknown
CUST_00439,0,
CUST_00440,0,
CUST_00441,0,
CUST_00442,0,
CUST_00443,0,
CUST_00444,0,
CUST_00445,0,
CUST_00446,0,
CUST_00447,1,competitor_price
CUST_00448,0,
CUST_00449,0,
CUST_00450,1,competitor_price
CUST_00451,1,unknown
CUST_00452,0,
CUST_00453,0,
CUST_00454,1,poor_service
CUST_00455,0,
CUST_00456,0,
CUST_00457,0,
CUST_00458,0,
CUST_00459,0,
CUST_00460,0,
CUST_00461,1,competitor_price
CUST_00462,0,
CUST_00463,0,
CUST_00464,1,technical_issues
CUST_00465,0,
CUST_00466,0,
CUST_00467,0,
CUST_00468,0,
CUST_00469,0,
CUST_00470,0,
CUST_00471,0,
CUST_00472,0,
CUST_00473,1,technical_issues
CUST_00474,0,
CUST_00475,0,
CUST_00476,0,
CUST_00477,0,
CUST_00478,0,
CUST_00479,1,competitor_price
CUST_00480,0,
CUST_00481,1,unknown
CUST_00482,1,poor_service
CUST_00483,0,
CUST_00484,0,
CUST_00485,1,technical_issues
CUST_00486,0,
CUST_00487,1,poor_service
CUST_00488,0,
CUST_00489,1,technical_issues
CUST_00490,0,
CUST_00491,0,
CUST_00492,1,competitor_price
CUST_00493,0,
CUST_00494,1,competitor_price
CUST_00495,0,
CUST_00496,0,
CUST_00497,0,
CUST_00498,0,
CUST_00499,0,
CUST_00500,0,
CUST_00501,0,
CUST_00502,0,
CUST_00503,0,
CUST_00504,0,
CUST_00505,0,
CUST_00506,0,
CUST_00507,0,
CUST_00508,0,
CUST_00509,1,poor_service
CUST_00510,0,
CUST_00511,0,
CUST_00512,0,
CUST_00513,0,
CUST_00514,0,
CUST_00515,0,
CUST_00516,0,
CUST_00517,0,
CUST_00518,0,
CUST_00519,0,
CUST_00520,0,
CUST_00521,0,
CUST_00522,0,
CUST_00523,0,
CUST_00524,0,
CUST_00525,0,
CUST_00526,1,relocation
CUST_00527,0,
CUST_00528,0,
CUST_00529,1,competitor_price
CUST_00530,0,
CUST_00531,0,
CUST_00532,0,
CUST_00533,0,
CUST_00534,0,
CUST_00535,0,
CUST_00536,0,
CUST_00537,0,
CUST_00538,0,
CUST_00539,0,
CUST_00540,0,
CUST_00541,0,
CUST_00542,1,technical_issues
CUST_00543,0,
CUST_00544,0,
CUST_00545,0,
CUST_00546,0,
CUST_00547,0,
CUST_00548,0,
CUST_00549,0,
CUST_00550,1,relocation
CUST_00551,0,
CUST_00552,0,
CUST_00553,0,
CUST_00554,0,
CUST_00555,0,
CUST_00556,0,
CUST_00557,1,competitor_price
CUST_00558,0,
CUST_00559,1,competitor_price
CUST_00560,0,
CUST_00561,0,
CUST_00562,0,
CUST_00563,0,
CUST_00564,0,
CUST_00565,0,
CUST_00566,0,
CUST_00567,0,
CUST_00568,0,
CUST_00569,0,
CUST_00570,1,competitor_price
CUST_00571,0,
CUST_00572,0,
CUST_00573,0,
CUST_00574,0,
CUST_00575,0,
CUST_00576,1,technical_issues
CUST_00577,0,
CUST_00578,0,
CUST_00579,0,
CUST_00580,0,
CUST_00581,1,competitor_price
CUST_00582,0,
CUST_00583,0,
CUST_00584,0,
CUST_00585,0,
CUST_00586,0,
CUST_00587,0,
CUST_00588,1,poor_service
CUST_00589,0,
CUST_00590,0,
CUST_00591,0,
CUST_00592,0,
CUST_00593,0,
CUST_00594,0,
CUST_00595,0,
CUST_00596,0,
CUST_00597,0,
CUST_00598,1,technical_issues
CUST_00599,0,
CUST_00600,1,technical_issues
CUST_00601,0,
CUST_00602,0,
CUST_00603,1,competitor_price
CUST_00604,0,
CUST_00605,0,
CUST_00606,0,
CUST_00607,0,
CUST_00608,1,poor_service
CUST_00609,0,
CUST_00610,0,
CUST_00611,0,
CUST_00612,0,
CUST_00613,0,
CUST_00614,0,
CUST_00615,1,relocation
CUST_00616,0,
CUST_00617,0,
CUST_00618,0,
CUST_00619,0,
CUST_00620,0,
CUST_00621,0,
CUST_00622,1,unknown
CUST_00623,0,
CUST_00624,0,
CUST_00625,0,
CUST_00626,0,
CUST_00627,0,
CUST_00628,0,
CUST_00629,0,
CUST_00630,1,price_increase
CUST_00631,0,
CUST_00632,0,
CUST_00633,0,
CUST_00634,0,
CUST_00635,1,technical_issues
CUST_00636,0,
CUST_00637,0,
CUST_00638,0,
CUST_00639,0,
CUST_00640,0,
CUST_00641,1,poor_service
CUST_00642,0,
CUST_00643,0,
CUST_00644,0,
CUST_00645,1,competitor_price
CUST_00646,1,competitor_price
CUST_00647,0,
CUST_00648,0,
CUST_00649,0,
CUST_00650,0,
CUST_00651,0,
CUST_00652,1,competitor_price
CUST_00653,0,
CUST_00654,0,
CUST_00655,0,
CUST_00656,0,
CUST_00657,0,
CUST_00658,0,
CUST_00659,0,
CUST_00660,1,technical_issues
CUST_00661,0,
CUST_00662,1,competitor_price
CUST_00663,0,
CUST_00664,1,competitor_price
CUST_00665,0,
CUST_00666,0,
CUST_00667,0,
CUST_00668,0,
CUST_00669,0,
CUST_00670,0,
CUST_00671,0,
CUST_00672,1,unknown
CUST_00673,0,
CUST_00674,0,
CUST_00675,0,
CUST_00676,1,competitor_price
CUST_00677,0,
CUST_00678,0,
CUST_00679,0,
CUST_00680,0,
CUST_00681,1,competitor_price
CUST_00682,0,
CUST_00683,0,
CUST_00684,0,
CUST_00685,0,
CUST_00686,0,
CUST_00687,0,
CUST_00688,0,
CUST_00689,0,
CUST_00690,0,
CUST_00691,0,
CUST_00692,1,competitor_price
CUST_00693,0,
CUST_00694,0,
CUST_00695,0,
CUST_00696,0,
CUST_00697,0,
CUST_00698,0,
CUST_00699,0,
CUST_00700,0,
CUST_00701,0,
CUST_00702,0,
CUST_00703,0,
CUST_00704,0,
CUST_00705,0,
CUST_00706,0,
CUST_00707,0,
CUST_00708,0,
CUST_00709,0,
CUST_00710,0,
CUST_00711,0,
CUST_00712,0,
CUST_00713,0,
CUST_00714,0,
CUST_00715,0,
CUST_00716,0,
CUST_00717,0,
CUST_00718,0,
CUST_00719,0,
CUST_00720,0,
CUST_00721,1,technical_issues
CUST_00722,0,
CUST_00723,0,
CUST_00724,0,
CUST_00725,1,technical_issues
CUST_00726,0,
CUST_00727,0,
CUST_00728,0,
CUST_00729,0,
CUST_00730,1,poor_service
CUST_00731,0,
CUST_00732,0,
CUST_00733,0,
CUST_00734,0,
CUST_00735,0,
CUST_00736,0,
CUST_00737,0,
CUST_00738,0,
CUST_00739,0,
CUST_00740,0,
CUST_00741,0,
CUST_00742,0,
CUST_00743,0,
CUST_00744,0,
CUST_00745,0,
CUST_00746,0,
CUST_00747,0,
CUST_00748,0,
CUST_00749,1,poor_service
CUST_00750,0,
CUST_00751,0,
CUST_00752,0,
CUST_00753,0,
CUST_00754,1,relocation
CUST_00755,0,
CUST_00756,0,
CUST_00757,0,
CUST_00758,0,
CUST_00759,0,
CUST_00760,0,
CUST_00761,0,
CUST_00762,0,
CUST_00763,0,
CUST_00764,0,
CUST_00765,0,
CUST_00766,0,
CUST_00767,0,
CUST_00768,0,
CUST_00769,0,
CUST_00770,0,
CUST_00771,0,
CUST_00772,1,relocation
CUST_00773,0,
CUST_00774,0,
CUST_00775,0,
CUST_00776,0,
CUST_00777,1,unknown
CUST_00778,0,
CUST_00779,0,
CUST_00780,0,
CUST_00781,1,relocation
CUST_00782,0,
CUST_00783,0,
CUST_00784,0,
CUST_00785,0,
CUST_00786,0,
CUST_00787,0,
CUST_00788,0,
CUST_00789,0,
CUST_00790,0,
CUST_00791,0,
CUST_00792,0,
CUST_00793,0,
CUST_00794,0,
CUST_00795,0,
CUST_00796,0,
CUST_00797,0,
CUST_00798,0,
CUST_00799,0,
CUST_00800,0,
CUST_00801,0,
CUST_00802,0,
CUST_00803,0,
CUST_00804,0,
CUST_00805,0,
CUST_00806,0,
CUST_00807,0,
CUST_00808,0,
CUST_00809,0,
CUST_00810,0,
CUST_00811,0,
CUST_00812,0,
CUST_00813,0,
CUST_00814,0,
CUST_00815,0,
CUST_00816,0,
CUST_00817,1,technical_issues
CUST_00818,0,
CUST_00819,0,
CUST_00820,0,
CUST_00821,0,
CUST_00822,0,
CUST_00823,0,
CUST_00824,0,
CUST_00825,0,
CUST_00826,0,
CUST_00827,0,
CUST_00828,0,
CUST_00829,0,
CUST_00830,0,
CUST_00831,0,
CUST_00832,1,competitor_price
CUST_00833,0,
CUST_00834,0,
CUST_00835,0,
CUST_00836,0,
CUST_00837,0,
CUST_00838,0,
CUST_00839,0,
CUST_00840,0,
CUST_00841,1,competitor_price
CUST_00842,0,
CUST_00843,0,
CUST_00844,0,
CUST_00845,0,
CUST_00846,0,
CUST_00847,0,
CUST_00848,0,
CUST_00849,0,
CUST_00850,1,competitor_price
CUST_00851,1,technical_issues
CUST_00852,0,
CUST_00853,0,
CUST_00854,0,
CUST_00855,0,
CUST_00856,0,
CUST_00857,0,
CUST_00858,0,
CUST_00859,0,
CUST_00860,0,
CUST_00861,1,relocation
CUST_00862,1,poor_service
CUST_00863,0,
CUST_00864,0,
CUST_00865,1,competitor_price
CUST_00866,0,
CUST_00867,0,
CUST_00868,0,
CUST_00869,1,poor_service
CUST_00870,0,
CUST_00871,0,
CUST_00872,1,unknown
CUST_00873,0,
CUST_00874,1,technical_issues
CUST_00875,0,
CUST_00876,0,
CUST_00877,0,
CUST_00878,0,
CUST_00879,1,relocation
CUST_00880,0,
CUST_00881,0,
CUST_00882,0,
CUST_00883,0,
CUST_00884,0,
CUST_00885,1,relocation
CUST_00886,0,
CUST_00887,0,
CUST_00888,1,unknown
CUST_00889,1,relocation
CUST_00890,1,technical_issues
CUST_00891,0,
CUST_00892,0,
CUST_00893,0,
CUST_00894,0,
CUST_00895,1,competitor_price
CUST_00896,0,
CUST_00897,0,
CUST_00898,0,
CUST_00899,0,
CUST_00900,0,
CUST_00901,0,
CUST_00902,0,
CUST_00903,0,
CUST_00904,0,
CUST_00905,0,
CUST_00906,0,
CUST_00907,0,
CUST_00908,0,
CUST_00909,0,
CUST_00910,0,
CUST_00911,0,
CUST_00912,1,competitor_price
CUST_00913,0,
CUST_00914,0,
CUST_00915,0,
CUST_00916,0,
CUST_00917,0,
CUST_00918,1,poor_service
CUST_00919,0,
CUST_00920,0,
CUST_00921,0,
CUST_00922,0,
CUST_00923,0,
CUST_00924,0,
CUST_00925,1,competitor_price
CUST_00926,1,unknown
CUST_00927,0,
CUST_00928,0,
CUST_00929,1,competitor_price
CUST_00930,0,
CUST_00931,1,price_increase
CUST_00932,0,
CUST_00933,0,
CUST_00934,0,
CUST_00935,1,poor_service
CUST_00936,0,
CUST_00937,0,
CUST_00938,0,
CUST_00939,0,
CUST_00940,0,
CUST_00941,0,
CUST_00942,0,
CUST_00943,0,
CUST_00944,0,
CUST_00945,0,
CUST_00946,0,
CUST_00947,0,
CUST_00948,1,competitor_price
CUST_00949,0,
CUST_00950,0,
CUST_00951,0,
CUST_00952,0,
CUST_00953,0,
CUST_00954,0,
CUST_00955,0,
CUST_00956,0,
CUST_00957,0,
CUST_00958,1,unknown
CUST_00959,1,poor_service
CUST_00960,0,
CUST_00961,0,
CUST_00962,0,
CUST_00963,0,
CUST_00964,0,
CUST_00965,0,
CUST_00966,0,
CUST_00967,1,poor_service
CUST_00968,0,
CUST_00969,0,
CUST_00970,0,
CUST_00971,0,
CUST_00972,0,
CUST_00973,1,competitor_price
CUST_00974,0,
CUST_00975,0,
CUST_00976,1,technical_issues
CUST_00977,0,
CUST_00978,0,
CUST_00979,1,competitor_price
CUST_00980,1,technical_issues
CUST_00981,0,
CUST_00982,0,
CUST_00983,0,
CUST_00984,0,
CUST_00985,0,
CUST_00986,0,
CUST_00987,0,
CUST_00988,0,
CUST_00989,1,technical_issues
CUST_00990,0,
CUST_00991,0,
CUST_00992,0,
CUST_00993,0,
CUST_00994,0,
CUST_00995,0,
CUST_00996,1,technical_issues
CUST_00997,0,
CUST_00998,0,
CUST_00999,0,
CUST_01000,1,technical_issues
